data_checks_20230613150001071040.csv: Total amount in: -830.0600000000002, Total amount out: -830.0600000000002, Total count in: 12, Total count out: 12

