data_checks_20230613213713580850.csv, Total amount in: 767.2200000000001, Total amount out: 767.2200000000001, Total count in: 25, Total count out: 25

