data_checks_20230613213718474970.csv, Total amount in: -830.0600000000002, Total amount out: -830.0600000000002, Total count in: 12, Total count out: 12

